Team Name,NBA_Current_Link_ID
Atlanta Hawks,1610612737
Atlanta Hawks,1610612737
Atlanta Hawks,1610612737
Atlanta Hawks,1610612737
Atlanta Hawks,1610612737
Atlanta Hawks,1610612737
Atlanta Hawks,1610612737
Atlanta Hawks,1610612737
Atlanta Hawks,1610612737
Atlanta Hawks,1610612737
Atlanta Hawks,1610612737
Atlanta Hawks,1610612737
Atlanta Hawks,1610612737
Atlanta Hawks,1610612737
Atlanta Hawks,1610612737
Atlanta Hawks,1610612737
Atlanta Hawks,1610612737
Atlanta Hawks,1610612737
Atlanta Hawks,1610612737
Atlanta Hawks,1610612737
Atlanta Hawks,1610612737
Atlanta Hawks,1610612737
Atlanta Hawks,1610612737
Atlanta Hawks,1610612737
Atlanta Hawks,1610612737
Atlanta Hawks,1610612737
Atlanta Hawks,1610612737
Atlanta Hawks,1610612737
Atlanta Hawks,1610612737
Atlanta Hawks,1610612737
Atlanta Hawks,1610612737
Atlanta Hawks,1610612737
Atlanta Hawks,1610612737
Atlanta Hawks,1610612737
Atlanta Hawks,1610612737
Atlanta Hawks,1610612737
Atlanta Hawks,1610612737
Atlanta Hawks,1610612737
Atlanta Hawks,1610612737
Atlanta Hawks,1610612737
Atlanta Hawks,1610612737
Atlanta Hawks,1610612737
Atlanta Hawks,1610612737
Atlanta Hawks,1610612737
Atlanta Hawks,1610612737
Atlanta Hawks,1610612737
Atlanta Hawks,1610612737
Atlanta Hawks,1610612737
Atlanta Hawks,1610612737
Atlanta Hawks,1610612737
Atlanta Hawks,1610612737
Atlanta Hawks,1610612737
St. Louis Hawks,1610612737
St. Louis Hawks,1610612737
St. Louis Hawks,1610612737
St. Louis Hawks,1610612737
St. Louis Hawks,1610612737
St. Louis Hawks,1610612737
St. Louis Hawks,1610612737
St. Louis Hawks,1610612737
St. Louis Hawks,1610612737
St. Louis Hawks,1610612737
St. Louis Hawks,1610612737
St. Louis Hawks,1610612737
St. Louis Hawks,1610612737
Milwaukee Hawks,1610612737
Milwaukee Hawks,1610612737
Milwaukee Hawks,1610612737
Milwaukee Hawks,1610612737
Tri-Cities Blackhawks,1610612737
Tri-Cities Blackhawks,1610612737
Brooklyn Nets,1610612751
Brooklyn Nets,1610612751
Brooklyn Nets,1610612751
Brooklyn Nets,1610612751
Brooklyn Nets,1610612751
Brooklyn Nets,1610612751
Brooklyn Nets,1610612751
Brooklyn Nets,1610612751
New Jersey Nets,1610612751
New Jersey Nets,1610612751
New Jersey Nets,1610612751
New Jersey Nets,1610612751
New Jersey Nets,1610612751
New Jersey Nets,1610612751
New Jersey Nets,1610612751
New Jersey Nets,1610612751
New Jersey Nets,1610612751
New Jersey Nets,1610612751
New Jersey Nets,1610612751
New Jersey Nets,1610612751
New Jersey Nets,1610612751
New Jersey Nets,1610612751
New Jersey Nets,1610612751
New Jersey Nets,1610612751
New Jersey Nets,1610612751
New Jersey Nets,1610612751
New Jersey Nets,1610612751
New Jersey Nets,1610612751
New Jersey Nets,1610612751
New Jersey Nets,1610612751
New Jersey Nets,1610612751
New Jersey Nets,1610612751
New Jersey Nets,1610612751
New Jersey Nets,1610612751
New Jersey Nets,1610612751
New Jersey Nets,1610612751
New Jersey Nets,1610612751
New Jersey Nets,1610612751
New Jersey Nets,1610612751
New Jersey Nets,1610612751
New Jersey Nets,1610612751
New Jersey Nets,1610612751
New Jersey Nets,1610612751
New York Nets,1610612751
New York Nets,1610612751
New York Nets,1610612751
New York Nets,1610612751
New York Nets,1610612751
New York Nets,1610612751
New York Nets,1610612751
New York Nets,1610612751
New York Nets,1610612751
New Jersey Americans,1610612751
Boston Celtics,1610612738
Boston Celtics,1610612738
Boston Celtics,1610612738
Boston Celtics,1610612738
Boston Celtics,1610612738
Boston Celtics,1610612738
Boston Celtics,1610612738
Boston Celtics,1610612738
Boston Celtics,1610612738
Boston Celtics,1610612738
Boston Celtics,1610612738
Boston Celtics,1610612738
Boston Celtics,1610612738
Boston Celtics,1610612738
Boston Celtics,1610612738
Boston Celtics,1610612738
Boston Celtics,1610612738
Boston Celtics,1610612738
Boston Celtics,1610612738
Boston Celtics,1610612738
Boston Celtics,1610612738
Boston Celtics,1610612738
Boston Celtics,1610612738
Boston Celtics,1610612738
Boston Celtics,1610612738
Boston Celtics,1610612738
Boston Celtics,1610612738
Boston Celtics,1610612738
Boston Celtics,1610612738
Boston Celtics,1610612738
Boston Celtics,1610612738
Boston Celtics,1610612738
Boston Celtics,1610612738
Boston Celtics,1610612738
Boston Celtics,1610612738
Boston Celtics,1610612738
Boston Celtics,1610612738
Boston Celtics,1610612738
Boston Celtics,1610612738
Boston Celtics,1610612738
Boston Celtics,1610612738
Boston Celtics,1610612738
Boston Celtics,1610612738
Boston Celtics,1610612738
Boston Celtics,1610612738
Boston Celtics,1610612738
Boston Celtics,1610612738
Boston Celtics,1610612738
Boston Celtics,1610612738
Boston Celtics,1610612738
Boston Celtics,1610612738
Boston Celtics,1610612738
Boston Celtics,1610612738
Boston Celtics,1610612738
Boston Celtics,1610612738
Boston Celtics,1610612738
Boston Celtics,1610612738
Boston Celtics,1610612738
Boston Celtics,1610612738
Boston Celtics,1610612738
Boston Celtics,1610612738
Boston Celtics,1610612738
Boston Celtics,1610612738
Boston Celtics,1610612738
Boston Celtics,1610612738
Boston Celtics,1610612738
Boston Celtics,1610612738
Boston Celtics,1610612738
Boston Celtics,1610612738
Boston Celtics,1610612738
Boston Celtics,1610612738
Boston Celtics,1610612738
Boston Celtics,1610612738
Boston Celtics,1610612738
Charlotte Hornets,1610612766
Charlotte Hornets,1610612766
Charlotte Hornets,1610612766
Charlotte Hornets,1610612766
Charlotte Hornets,1610612766
Charlotte Hornets,1610612766
Charlotte Bobcats,1610612766
Charlotte Bobcats,1610612766
Charlotte Bobcats,1610612766
Charlotte Bobcats,1610612766
Charlotte Bobcats,1610612766
Charlotte Bobcats,1610612766
Charlotte Bobcats,1610612766
Charlotte Bobcats,1610612766
Charlotte Bobcats,1610612766
Charlotte Bobcats,1610612766
Charlotte Hornets,1610612766
Charlotte Hornets,1610612766
Charlotte Hornets,1610612766
Charlotte Hornets,1610612766
Charlotte Hornets,1610612766
Charlotte Hornets,1610612766
Charlotte Hornets,1610612766
Charlotte Hornets,1610612766
Charlotte Hornets,1610612766
Charlotte Hornets,1610612766
Charlotte Hornets,1610612766
Charlotte Hornets,1610612766
Charlotte Hornets,1610612766
Charlotte Hornets,1610612766
Charlotte Hornets,1610612766
Charlotte Hornets,1610612766
Cleveland Cavaliers,1610612739
Cleveland Cavaliers,1610612739
Cleveland Cavaliers,1610612739
Cleveland Cavaliers,1610612739
Cleveland Cavaliers,1610612739
Cleveland Cavaliers,1610612739
Cleveland Cavaliers,1610612739
Cleveland Cavaliers,1610612739
Cleveland Cavaliers,1610612739
Cleveland Cavaliers,1610612739
Cleveland Cavaliers,1610612739
Cleveland Cavaliers,1610612739
Cleveland Cavaliers,1610612739
Cleveland Cavaliers,1610612739
Cleveland Cavaliers,1610612739
Cleveland Cavaliers,1610612739
Cleveland Cavaliers,1610612739
Cleveland Cavaliers,1610612739
Cleveland Cavaliers,1610612739
Cleveland Cavaliers,1610612739
Cleveland Cavaliers,1610612739
Cleveland Cavaliers,1610612739
Cleveland Cavaliers,1610612739
Cleveland Cavaliers,1610612739
Cleveland Cavaliers,1610612739
Cleveland Cavaliers,1610612739
Cleveland Cavaliers,1610612739
Cleveland Cavaliers,1610612739
Cleveland Cavaliers,1610612739
Cleveland Cavaliers,1610612739
Cleveland Cavaliers,1610612739
Cleveland Cavaliers,1610612739
Cleveland Cavaliers,1610612739
Cleveland Cavaliers,1610612739
Cleveland Cavaliers,1610612739
Cleveland Cavaliers,1610612739
Cleveland Cavaliers,1610612739
Cleveland Cavaliers,1610612739
Cleveland Cavaliers,1610612739
Cleveland Cavaliers,1610612739
Cleveland Cavaliers,1610612739
Cleveland Cavaliers,1610612739
Cleveland Cavaliers,1610612739
Cleveland Cavaliers,1610612739
Cleveland Cavaliers,1610612739
Cleveland Cavaliers,1610612739
Cleveland Cavaliers,1610612739
Cleveland Cavaliers,1610612739
Cleveland Cavaliers,1610612739
Cleveland Cavaliers,1610612739
Chicago Bulls,1610612741
Chicago Bulls,1610612741
Chicago Bulls,1610612741
Chicago Bulls,1610612741
Chicago Bulls,1610612741
Chicago Bulls,1610612741
Chicago Bulls,1610612741
Chicago Bulls,1610612741
Chicago Bulls,1610612741
Chicago Bulls,1610612741
Chicago Bulls,1610612741
Chicago Bulls,1610612741
Chicago Bulls,1610612741
Chicago Bulls,1610612741
Chicago Bulls,1610612741
Chicago Bulls,1610612741
Chicago Bulls,1610612741
Chicago Bulls,1610612741
Chicago Bulls,1610612741
Chicago Bulls,1610612741
Chicago Bulls,1610612741
Chicago Bulls,1610612741
Chicago Bulls,1610612741
Chicago Bulls,1610612741
Chicago Bulls,1610612741
Chicago Bulls,1610612741
Chicago Bulls,1610612741
Chicago Bulls,1610612741
Chicago Bulls,1610612741
Chicago Bulls,1610612741
Chicago Bulls,1610612741
Chicago Bulls,1610612741
Chicago Bulls,1610612741
Chicago Bulls,1610612741
Chicago Bulls,1610612741
Chicago Bulls,1610612741
Chicago Bulls,1610612741
Chicago Bulls,1610612741
Chicago Bulls,1610612741
Chicago Bulls,1610612741
Chicago Bulls,1610612741
Chicago Bulls,1610612741
Chicago Bulls,1610612741
Chicago Bulls,1610612741
Chicago Bulls,1610612741
Chicago Bulls,1610612741
Chicago Bulls,1610612741
Chicago Bulls,1610612741
Chicago Bulls,1610612741
Chicago Bulls,1610612741
Chicago Bulls,1610612741
Chicago Bulls,1610612741
Chicago Bulls,1610612741
Chicago Bulls,1610612741
Dallas Mavericks,1610612742
Dallas Mavericks,1610612742
Dallas Mavericks,1610612742
Dallas Mavericks,1610612742
Dallas Mavericks,1610612742
Dallas Mavericks,1610612742
Dallas Mavericks,1610612742
Dallas Mavericks,1610612742
Dallas Mavericks,1610612742
Dallas Mavericks,1610612742
Dallas Mavericks,1610612742
Dallas Mavericks,1610612742
Dallas Mavericks,1610612742
Dallas Mavericks,1610612742
Dallas Mavericks,1610612742
Dallas Mavericks,1610612742
Dallas Mavericks,1610612742
Dallas Mavericks,1610612742
Dallas Mavericks,1610612742
Dallas Mavericks,1610612742
Dallas Mavericks,1610612742
Dallas Mavericks,1610612742
Dallas Mavericks,1610612742
Dallas Mavericks,1610612742
Dallas Mavericks,1610612742
Dallas Mavericks,1610612742
Dallas Mavericks,1610612742
Dallas Mavericks,1610612742
Dallas Mavericks,1610612742
Dallas Mavericks,1610612742
Dallas Mavericks,1610612742
Dallas Mavericks,1610612742
Dallas Mavericks,1610612742
Dallas Mavericks,1610612742
Dallas Mavericks,1610612742
Dallas Mavericks,1610612742
Dallas Mavericks,1610612742
Dallas Mavericks,1610612742
Dallas Mavericks,1610612742
Dallas Mavericks,1610612742
Denver Nuggets,1610612743
Denver Nuggets,1610612743
Denver Nuggets,1610612743
Denver Nuggets,1610612743
Denver Nuggets,1610612743
Denver Nuggets,1610612743
Denver Nuggets,1610612743
Denver Nuggets,1610612743
Denver Nuggets,1610612743
Denver Nuggets,1610612743
Denver Nuggets,1610612743
Denver Nuggets,1610612743
Denver Nuggets,1610612743
Denver Nuggets,1610612743
Denver Nuggets,1610612743
Denver Nuggets,1610612743
Denver Nuggets,1610612743
Denver Nuggets,1610612743
Denver Nuggets,1610612743
Denver Nuggets,1610612743
Denver Nuggets,1610612743
Denver Nuggets,1610612743
Denver Nuggets,1610612743
Denver Nuggets,1610612743
Denver Nuggets,1610612743
Denver Nuggets,1610612743
Denver Nuggets,1610612743
Denver Nuggets,1610612743
Denver Nuggets,1610612743
Denver Nuggets,1610612743
Denver Nuggets,1610612743
Denver Nuggets,1610612743
Denver Nuggets,1610612743
Denver Nuggets,1610612743
Denver Nuggets,1610612743
Denver Nuggets,1610612743
Denver Nuggets,1610612743
Denver Nuggets,1610612743
Denver Nuggets,1610612743
Denver Nuggets,1610612743
Denver Nuggets,1610612743
Denver Nuggets,1610612743
Denver Nuggets,1610612743
Denver Nuggets,1610612743
Denver Nuggets,1610612743
Denver Nuggets,1610612743
Denver Rockets,1610612743
Denver Rockets,1610612743
Denver Rockets,1610612743
Denver Rockets,1610612743
Denver Rockets,1610612743
Denver Rockets,1610612743
Denver Rockets,1610612743
Detroit Pistons,1610612765
Detroit Pistons,1610612765
Detroit Pistons,1610612765
Detroit Pistons,1610612765
Detroit Pistons,1610612765
Detroit Pistons,1610612765
Detroit Pistons,1610612765
Detroit Pistons,1610612765
Detroit Pistons,1610612765
Detroit Pistons,1610612765
Detroit Pistons,1610612765
Detroit Pistons,1610612765
Detroit Pistons,1610612765
Detroit Pistons,1610612765
Detroit Pistons,1610612765
Detroit Pistons,1610612765
Detroit Pistons,1610612765
Detroit Pistons,1610612765
Detroit Pistons,1610612765
Detroit Pistons,1610612765
Detroit Pistons,1610612765
Detroit Pistons,1610612765
Detroit Pistons,1610612765
Detroit Pistons,1610612765
Detroit Pistons,1610612765
Detroit Pistons,1610612765
Detroit Pistons,1610612765
Detroit Pistons,1610612765
Detroit Pistons,1610612765
Detroit Pistons,1610612765
Detroit Pistons,1610612765
Detroit Pistons,1610612765
Detroit Pistons,1610612765
Detroit Pistons,1610612765
Detroit Pistons,1610612765
Detroit Pistons,1610612765
Detroit Pistons,1610612765
Detroit Pistons,1610612765
Detroit Pistons,1610612765
Detroit Pistons,1610612765
Detroit Pistons,1610612765
Detroit Pistons,1610612765
Detroit Pistons,1610612765
Detroit Pistons,1610612765
Detroit Pistons,1610612765
Detroit Pistons,1610612765
Detroit Pistons,1610612765
Detroit Pistons,1610612765
Detroit Pistons,1610612765
Detroit Pistons,1610612765
Detroit Pistons,1610612765
Detroit Pistons,1610612765
Detroit Pistons,1610612765
Detroit Pistons,1610612765
Detroit Pistons,1610612765
Detroit Pistons,1610612765
Detroit Pistons,1610612765
Detroit Pistons,1610612765
Detroit Pistons,1610612765
Detroit Pistons,1610612765
Detroit Pistons,1610612765
Detroit Pistons,1610612765
Detroit Pistons,1610612765
Fort Wayne Pistons,1610612765
Fort Wayne Pistons,1610612765
Fort Wayne Pistons,1610612765
Fort Wayne Pistons,1610612765
Fort Wayne Pistons,1610612765
Fort Wayne Pistons,1610612765
Fort Wayne Pistons,1610612765
Fort Wayne Pistons,1610612765
Fort Wayne Pistons,1610612765
Golden State Warriors,1610612744
Golden State Warriors,1610612744
Golden State Warriors,1610612744
Golden State Warriors,1610612744
Golden State Warriors,1610612744
Golden State Warriors,1610612744
Golden State Warriors,1610612744
Golden State Warriors,1610612744
Golden State Warriors,1610612744
Golden State Warriors,1610612744
Golden State Warriors,1610612744
Golden State Warriors,1610612744
Golden State Warriors,1610612744
Golden State Warriors,1610612744
Golden State Warriors,1610612744
Golden State Warriors,1610612744
Golden State Warriors,1610612744
Golden State Warriors,1610612744
Golden State Warriors,1610612744
Golden State Warriors,1610612744
Golden State Warriors,1610612744
Golden State Warriors,1610612744
Golden State Warriors,1610612744
Golden State Warriors,1610612744
Golden State Warriors,1610612744
Golden State Warriors,1610612744
Golden State Warriors,1610612744
Golden State Warriors,1610612744
Golden State Warriors,1610612744
Golden State Warriors,1610612744
Golden State Warriors,1610612744
Golden State Warriors,1610612744
Golden State Warriors,1610612744
Golden State Warriors,1610612744
Golden State Warriors,1610612744
Golden State Warriors,1610612744
Golden State Warriors,1610612744
Golden State Warriors,1610612744
Golden State Warriors,1610612744
Golden State Warriors,1610612744
Golden State Warriors,1610612744
Golden State Warriors,1610612744
Golden State Warriors,1610612744
Golden State Warriors,1610612744
Golden State Warriors,1610612744
Golden State Warriors,1610612744
Golden State Warriors,1610612744
Golden State Warriors,1610612744
Golden State Warriors,1610612744
San Francisco Warriors,1610612744
San Francisco Warriors,1610612744
San Francisco Warriors,1610612744
San Francisco Warriors,1610612744
San Francisco Warriors,1610612744
San Francisco Warriors,1610612744
San Francisco Warriors,1610612744
San Francisco Warriors,1610612744
San Francisco Warriors,1610612744
Philadelphia Warriors,1610612744
Philadelphia Warriors,1610612744
Philadelphia Warriors,1610612744
Philadelphia Warriors,1610612744
Philadelphia Warriors,1610612744
Philadelphia Warriors,1610612744
Philadelphia Warriors,1610612744
Philadelphia Warriors,1610612744
Philadelphia Warriors,1610612744
Philadelphia Warriors,1610612744
Philadelphia Warriors,1610612744
Philadelphia Warriors,1610612744
Philadelphia Warriors,1610612744
Philadelphia Warriors,1610612744
Philadelphia Warriors,1610612744
Philadelphia Warriors,1610612744
Houston Rockets,1610612745
Houston Rockets,1610612745
Houston Rockets,1610612745
Houston Rockets,1610612745
Houston Rockets,1610612745
Houston Rockets,1610612745
Houston Rockets,1610612745
Houston Rockets,1610612745
Houston Rockets,1610612745
Houston Rockets,1610612745
Houston Rockets,1610612745
Houston Rockets,1610612745
Houston Rockets,1610612745
Houston Rockets,1610612745
Houston Rockets,1610612745
Houston Rockets,1610612745
Houston Rockets,1610612745
Houston Rockets,1610612745
Houston Rockets,1610612745
Houston Rockets,1610612745
Houston Rockets,1610612745
Houston Rockets,1610612745
Houston Rockets,1610612745
Houston Rockets,1610612745
Houston Rockets,1610612745
Houston Rockets,1610612745
Houston Rockets,1610612745
Houston Rockets,1610612745
Houston Rockets,1610612745
Houston Rockets,1610612745
Houston Rockets,1610612745
Houston Rockets,1610612745
Houston Rockets,1610612745
Houston Rockets,1610612745
Houston Rockets,1610612745
Houston Rockets,1610612745
Houston Rockets,1610612745
Houston Rockets,1610612745
Houston Rockets,1610612745
Houston Rockets,1610612745
Houston Rockets,1610612745
Houston Rockets,1610612745
Houston Rockets,1610612745
Houston Rockets,1610612745
Houston Rockets,1610612745
Houston Rockets,1610612745
Houston Rockets,1610612745
Houston Rockets,1610612745
Houston Rockets,1610612745
San Diego Rockets,1610612745
San Diego Rockets,1610612745
San Diego Rockets,1610612745
San Diego Rockets,1610612745
Indiana Pacers,1610612754
Indiana Pacers,1610612754
Indiana Pacers,1610612754
Indiana Pacers,1610612754
Indiana Pacers,1610612754
Indiana Pacers,1610612754
Indiana Pacers,1610612754
Indiana Pacers,1610612754
Indiana Pacers,1610612754
Indiana Pacers,1610612754
Indiana Pacers,1610612754
Indiana Pacers,1610612754
Indiana Pacers,1610612754
Indiana Pacers,1610612754
Indiana Pacers,1610612754
Indiana Pacers,1610612754
Indiana Pacers,1610612754
Indiana Pacers,1610612754
Indiana Pacers,1610612754
Indiana Pacers,1610612754
Indiana Pacers,1610612754
Indiana Pacers,1610612754
Indiana Pacers,1610612754
Indiana Pacers,1610612754
Indiana Pacers,1610612754
Indiana Pacers,1610612754
Indiana Pacers,1610612754
Indiana Pacers,1610612754
Indiana Pacers,1610612754
Indiana Pacers,1610612754
Indiana Pacers,1610612754
Indiana Pacers,1610612754
Indiana Pacers,1610612754
Indiana Pacers,1610612754
Indiana Pacers,1610612754
Indiana Pacers,1610612754
Indiana Pacers,1610612754
Indiana Pacers,1610612754
Indiana Pacers,1610612754
Indiana Pacers,1610612754
Indiana Pacers,1610612754
Indiana Pacers,1610612754
Indiana Pacers,1610612754
Indiana Pacers,1610612754
Indiana Pacers,1610612754
Indiana Pacers,1610612754
Indiana Pacers,1610612754
Indiana Pacers,1610612754
Indiana Pacers,1610612754
Indiana Pacers,1610612754
Indiana Pacers,1610612754
Indiana Pacers,1610612754
Indiana Pacers,1610612754
Los Angeles Clippers,1610612746
Los Angeles Clippers,1610612746
Los Angeles Clippers,1610612746
Los Angeles Clippers,1610612746
Los Angeles Clippers,1610612746
Los Angeles Clippers,1610612746
Los Angeles Clippers,1610612746
Los Angeles Clippers,1610612746
Los Angeles Clippers,1610612746
Los Angeles Clippers,1610612746
Los Angeles Clippers,1610612746
Los Angeles Clippers,1610612746
Los Angeles Clippers,1610612746
Los Angeles Clippers,1610612746
Los Angeles Clippers,1610612746
Los Angeles Clippers,1610612746
Los Angeles Clippers,1610612746
Los Angeles Clippers,1610612746
Los Angeles Clippers,1610612746
Los Angeles Clippers,1610612746
Los Angeles Clippers,1610612746
Los Angeles Clippers,1610612746
Los Angeles Clippers,1610612746
Los Angeles Clippers,1610612746
Los Angeles Clippers,1610612746
Los Angeles Clippers,1610612746
Los Angeles Clippers,1610612746
Los Angeles Clippers,1610612746
Los Angeles Clippers,1610612746
Los Angeles Clippers,1610612746
Los Angeles Clippers,1610612746
Los Angeles Clippers,1610612746
Los Angeles Clippers,1610612746
Los Angeles Clippers,1610612746
Los Angeles Clippers,1610612746
Los Angeles Clippers,1610612746
San Diego Clippers,1610612746
San Diego Clippers,1610612746
San Diego Clippers,1610612746
San Diego Clippers,1610612746
San Diego Clippers,1610612746
San Diego Clippers,1610612746
Buffalo Braves,1610612746
Buffalo Braves,1610612746
Buffalo Braves,1610612746
Buffalo Braves,1610612746
Buffalo Braves,1610612746
Buffalo Braves,1610612746
Buffalo Braves,1610612746
Buffalo Braves,1610612746
Los Angeles Lakers,1610612747
Los Angeles Lakers,1610612747
Los Angeles Lakers,1610612747
Los Angeles Lakers,1610612747
Los Angeles Lakers,1610612747
Los Angeles Lakers,1610612747
Los Angeles Lakers,1610612747
Los Angeles Lakers,1610612747
Los Angeles Lakers,1610612747
Los Angeles Lakers,1610612747
Los Angeles Lakers,1610612747
Los Angeles Lakers,1610612747
Los Angeles Lakers,1610612747
Los Angeles Lakers,1610612747
Los Angeles Lakers,1610612747
Los Angeles Lakers,1610612747
Los Angeles Lakers,1610612747
Los Angeles Lakers,1610612747
Los Angeles Lakers,1610612747
Los Angeles Lakers,1610612747
Los Angeles Lakers,1610612747
Los Angeles Lakers,1610612747
Los Angeles Lakers,1610612747
Los Angeles Lakers,1610612747
Los Angeles Lakers,1610612747
Los Angeles Lakers,1610612747
Los Angeles Lakers,1610612747
Los Angeles Lakers,1610612747
Los Angeles Lakers,1610612747
Los Angeles Lakers,1610612747
Los Angeles Lakers,1610612747
Los Angeles Lakers,1610612747
Los Angeles Lakers,1610612747
Los Angeles Lakers,1610612747
Los Angeles Lakers,1610612747
Los Angeles Lakers,1610612747
Los Angeles Lakers,1610612747
Los Angeles Lakers,1610612747
Los Angeles Lakers,1610612747
Los Angeles Lakers,1610612747
Los Angeles Lakers,1610612747
Los Angeles Lakers,1610612747
Los Angeles Lakers,1610612747
Los Angeles Lakers,1610612747
Los Angeles Lakers,1610612747
Los Angeles Lakers,1610612747
Los Angeles Lakers,1610612747
Los Angeles Lakers,1610612747
Los Angeles Lakers,1610612747
Los Angeles Lakers,1610612747
Los Angeles Lakers,1610612747
Los Angeles Lakers,1610612747
Los Angeles Lakers,1610612747
Los Angeles Lakers,1610612747
Los Angeles Lakers,1610612747
Los Angeles Lakers,1610612747
Los Angeles Lakers,1610612747
Los Angeles Lakers,1610612747
Los Angeles Lakers,1610612747
Los Angeles Lakers,1610612747
Minneapolis Lakers,1610612747
Minneapolis Lakers,1610612747
Minneapolis Lakers,1610612747
Minneapolis Lakers,1610612747
Minneapolis Lakers,1610612747
Minneapolis Lakers,1610612747
Minneapolis Lakers,1610612747
Minneapolis Lakers,1610612747
Minneapolis Lakers,1610612747
Minneapolis Lakers,1610612747
Minneapolis Lakers,1610612747
Minneapolis Lakers,1610612747
Memphis Grizzlies,1610612763
Memphis Grizzlies,1610612763
Memphis Grizzlies,1610612763
Memphis Grizzlies,1610612763
Memphis Grizzlies,1610612763
Memphis Grizzlies,1610612763
Memphis Grizzlies,1610612763
Memphis Grizzlies,1610612763
Memphis Grizzlies,1610612763
Memphis Grizzlies,1610612763
Memphis Grizzlies,1610612763
Memphis Grizzlies,1610612763
Memphis Grizzlies,1610612763
Memphis Grizzlies,1610612763
Memphis Grizzlies,1610612763
Memphis Grizzlies,1610612763
Memphis Grizzlies,1610612763
Memphis Grizzlies,1610612763
Memphis Grizzlies,1610612763
Vancouver Grizzlies,1610612763
Vancouver Grizzlies,1610612763
Vancouver Grizzlies,1610612763
Vancouver Grizzlies,1610612763
Vancouver Grizzlies,1610612763
Vancouver Grizzlies,1610612763
Miami Heat,1610612748
Miami Heat,1610612748
Miami Heat,1610612748
Miami Heat,1610612748
Miami Heat,1610612748
Miami Heat,1610612748
Miami Heat,1610612748
Miami Heat,1610612748
Miami Heat,1610612748
Miami Heat,1610612748
Miami Heat,1610612748
Miami Heat,1610612748
Miami Heat,1610612748
Miami Heat,1610612748
Miami Heat,1610612748
Miami Heat,1610612748
Miami Heat,1610612748
Miami Heat,1610612748
Miami Heat,1610612748
Miami Heat,1610612748
Miami Heat,1610612748
Miami Heat,1610612748
Miami Heat,1610612748
Miami Heat,1610612748
Miami Heat,1610612748
Miami Heat,1610612748
Miami Heat,1610612748
Miami Heat,1610612748
Miami Heat,1610612748
Miami Heat,1610612748
Miami Heat,1610612748
Miami Heat,1610612748
Milwaukee Bucks,1610612749
Milwaukee Bucks,1610612749
Milwaukee Bucks,1610612749
Milwaukee Bucks,1610612749
Milwaukee Bucks,1610612749
Milwaukee Bucks,1610612749
Milwaukee Bucks,1610612749
Milwaukee Bucks,1610612749
Milwaukee Bucks,1610612749
Milwaukee Bucks,1610612749
Milwaukee Bucks,1610612749
Milwaukee Bucks,1610612749
Milwaukee Bucks,1610612749
Milwaukee Bucks,1610612749
Milwaukee Bucks,1610612749
Milwaukee Bucks,1610612749
Milwaukee Bucks,1610612749
Milwaukee Bucks,1610612749
Milwaukee Bucks,1610612749
Milwaukee Bucks,1610612749
Milwaukee Bucks,1610612749
Milwaukee Bucks,1610612749
Milwaukee Bucks,1610612749
Milwaukee Bucks,1610612749
Milwaukee Bucks,1610612749
Milwaukee Bucks,1610612749
Milwaukee Bucks,1610612749
Milwaukee Bucks,1610612749
Milwaukee Bucks,1610612749
Milwaukee Bucks,1610612749
Milwaukee Bucks,1610612749
Milwaukee Bucks,1610612749
Milwaukee Bucks,1610612749
Milwaukee Bucks,1610612749
Milwaukee Bucks,1610612749
Milwaukee Bucks,1610612749
Milwaukee Bucks,1610612749
Milwaukee Bucks,1610612749
Milwaukee Bucks,1610612749
Milwaukee Bucks,1610612749
Milwaukee Bucks,1610612749
Milwaukee Bucks,1610612749
Milwaukee Bucks,1610612749
Milwaukee Bucks,1610612749
Milwaukee Bucks,1610612749
Milwaukee Bucks,1610612749
Milwaukee Bucks,1610612749
Milwaukee Bucks,1610612749
Milwaukee Bucks,1610612749
Milwaukee Bucks,1610612749
Milwaukee Bucks,1610612749
Milwaukee Bucks,1610612749
Minnesota Timberwolves,1610612750
Minnesota Timberwolves,1610612750
Minnesota Timberwolves,1610612750
Minnesota Timberwolves,1610612750
Minnesota Timberwolves,1610612750
Minnesota Timberwolves,1610612750
Minnesota Timberwolves,1610612750
Minnesota Timberwolves,1610612750
Minnesota Timberwolves,1610612750
Minnesota Timberwolves,1610612750
Minnesota Timberwolves,1610612750
Minnesota Timberwolves,1610612750
Minnesota Timberwolves,1610612750
Minnesota Timberwolves,1610612750
Minnesota Timberwolves,1610612750
Minnesota Timberwolves,1610612750
Minnesota Timberwolves,1610612750
Minnesota Timberwolves,1610612750
Minnesota Timberwolves,1610612750
Minnesota Timberwolves,1610612750
Minnesota Timberwolves,1610612750
Minnesota Timberwolves,1610612750
Minnesota Timberwolves,1610612750
Minnesota Timberwolves,1610612750
Minnesota Timberwolves,1610612750
Minnesota Timberwolves,1610612750
Minnesota Timberwolves,1610612750
Minnesota Timberwolves,1610612750
Minnesota Timberwolves,1610612750
Minnesota Timberwolves,1610612750
Minnesota Timberwolves,1610612750
New York Knicks,1610612752
New York Knicks,1610612752
New York Knicks,1610612752
New York Knicks,1610612752
New York Knicks,1610612752
New York Knicks,1610612752
New York Knicks,1610612752
New York Knicks,1610612752
New York Knicks,1610612752
New York Knicks,1610612752
New York Knicks,1610612752
New York Knicks,1610612752
New York Knicks,1610612752
New York Knicks,1610612752
New York Knicks,1610612752
New York Knicks,1610612752
New York Knicks,1610612752
New York Knicks,1610612752
New York Knicks,1610612752
New York Knicks,1610612752
New York Knicks,1610612752
New York Knicks,1610612752
New York Knicks,1610612752
New York Knicks,1610612752
New York Knicks,1610612752
New York Knicks,1610612752
New York Knicks,1610612752
New York Knicks,1610612752
New York Knicks,1610612752
New York Knicks,1610612752
New York Knicks,1610612752
New York Knicks,1610612752
New York Knicks,1610612752
New York Knicks,1610612752
New York Knicks,1610612752
New York Knicks,1610612752
New York Knicks,1610612752
New York Knicks,1610612752
New York Knicks,1610612752
New York Knicks,1610612752
New York Knicks,1610612752
New York Knicks,1610612752
New York Knicks,1610612752
New York Knicks,1610612752
New York Knicks,1610612752
New York Knicks,1610612752
New York Knicks,1610612752
New York Knicks,1610612752
New York Knicks,1610612752
New York Knicks,1610612752
New York Knicks,1610612752
New York Knicks,1610612752
New York Knicks,1610612752
New York Knicks,1610612752
New York Knicks,1610612752
New York Knicks,1610612752
New York Knicks,1610612752
New York Knicks,1610612752
New York Knicks,1610612752
New York Knicks,1610612752
New York Knicks,1610612752
New York Knicks,1610612752
New York Knicks,1610612752
New York Knicks,1610612752
New York Knicks,1610612752
New York Knicks,1610612752
New York Knicks,1610612752
New York Knicks,1610612752
New York Knicks,1610612752
New York Knicks,1610612752
New York Knicks,1610612752
New York Knicks,1610612752
New York Knicks,1610612752
New York Knicks,1610612752
New Orleans Pelicans,1610612740
New Orleans Pelicans,1610612740
New Orleans Pelicans,1610612740
New Orleans Pelicans,1610612740
New Orleans Pelicans,1610612740
New Orleans Pelicans,1610612740
New Orleans Pelicans,1610612740
New Orleans Hornets,1610612740
New Orleans Hornets,1610612740
New Orleans Hornets,1610612740
New Orleans Hornets,1610612740
New Orleans Hornets,1610612740
New Orleans Hornets,1610612740
New Orleans/Oklahoma City Hornets,1610612740
New Orleans/Oklahoma City Hornets,1610612740
New Orleans Hornets,1610612740
New Orleans Hornets,1610612740
New Orleans Hornets,1610612740
Oklahoma City Thunder,1610612760
Oklahoma City Thunder,1610612760
Oklahoma City Thunder,1610612760
Oklahoma City Thunder,1610612760
Oklahoma City Thunder,1610612760
Oklahoma City Thunder,1610612760
Oklahoma City Thunder,1610612760
Oklahoma City Thunder,1610612760
Oklahoma City Thunder,1610612760
Oklahoma City Thunder,1610612760
Oklahoma City Thunder,1610612760
Oklahoma City Thunder,1610612760
Seattle SuperSonics,1610612760
Seattle SuperSonics,1610612760
Seattle SuperSonics,1610612760
Seattle SuperSonics,1610612760
Seattle SuperSonics,1610612760
Seattle SuperSonics,1610612760
Seattle SuperSonics,1610612760
Seattle SuperSonics,1610612760
Seattle SuperSonics,1610612760
Seattle SuperSonics,1610612760
Seattle SuperSonics,1610612760
Seattle SuperSonics,1610612760
Seattle SuperSonics,1610612760
Seattle SuperSonics,1610612760
Seattle SuperSonics,1610612760
Seattle SuperSonics,1610612760
Seattle SuperSonics,1610612760
Seattle SuperSonics,1610612760
Seattle SuperSonics,1610612760
Seattle SuperSonics,1610612760
Seattle SuperSonics,1610612760
Seattle SuperSonics,1610612760
Seattle SuperSonics,1610612760
Seattle SuperSonics,1610612760
Seattle SuperSonics,1610612760
Seattle SuperSonics,1610612760
Seattle SuperSonics,1610612760
Seattle SuperSonics,1610612760
Seattle SuperSonics,1610612760
Seattle SuperSonics,1610612760
Seattle SuperSonics,1610612760
Seattle SuperSonics,1610612760
Seattle SuperSonics,1610612760
Seattle SuperSonics,1610612760
Seattle SuperSonics,1610612760
Seattle SuperSonics,1610612760
Seattle SuperSonics,1610612760
Seattle SuperSonics,1610612760
Seattle SuperSonics,1610612760
Seattle SuperSonics,1610612760
Seattle SuperSonics,1610612760
Orlando Magic,1610612753
Orlando Magic,1610612753
Orlando Magic,1610612753
Orlando Magic,1610612753
Orlando Magic,1610612753
Orlando Magic,1610612753
Orlando Magic,1610612753
Orlando Magic,1610612753
Orlando Magic,1610612753
Orlando Magic,1610612753
Orlando Magic,1610612753
Orlando Magic,1610612753
Orlando Magic,1610612753
Orlando Magic,1610612753
Orlando Magic,1610612753
Orlando Magic,1610612753
Orlando Magic,1610612753
Orlando Magic,1610612753
Orlando Magic,1610612753
Orlando Magic,1610612753
Orlando Magic,1610612753
Orlando Magic,1610612753
Orlando Magic,1610612753
Orlando Magic,1610612753
Orlando Magic,1610612753
Orlando Magic,1610612753
Orlando Magic,1610612753
Orlando Magic,1610612753
Orlando Magic,1610612753
Orlando Magic,1610612753
Orlando Magic,1610612753
Philadelphia 76ers,1610612755
Philadelphia 76ers,1610612755
Philadelphia 76ers,1610612755
Philadelphia 76ers,1610612755
Philadelphia 76ers,1610612755
Philadelphia 76ers,1610612755
Philadelphia 76ers,1610612755
Philadelphia 76ers,1610612755
Philadelphia 76ers,1610612755
Philadelphia 76ers,1610612755
Philadelphia 76ers,1610612755
Philadelphia 76ers,1610612755
Philadelphia 76ers,1610612755
Philadelphia 76ers,1610612755
Philadelphia 76ers,1610612755
Philadelphia 76ers,1610612755
Philadelphia 76ers,1610612755
Philadelphia 76ers,1610612755
Philadelphia 76ers,1610612755
Philadelphia 76ers,1610612755
Philadelphia 76ers,1610612755
Philadelphia 76ers,1610612755
Philadelphia 76ers,1610612755
Philadelphia 76ers,1610612755
Philadelphia 76ers,1610612755
Philadelphia 76ers,1610612755
Philadelphia 76ers,1610612755
Philadelphia 76ers,1610612755
Philadelphia 76ers,1610612755
Philadelphia 76ers,1610612755
Philadelphia 76ers,1610612755
Philadelphia 76ers,1610612755
Philadelphia 76ers,1610612755
Philadelphia 76ers,1610612755
Philadelphia 76ers,1610612755
Philadelphia 76ers,1610612755
Philadelphia 76ers,1610612755
Philadelphia 76ers,1610612755
Philadelphia 76ers,1610612755
Philadelphia 76ers,1610612755
Philadelphia 76ers,1610612755
Philadelphia 76ers,1610612755
Philadelphia 76ers,1610612755
Philadelphia 76ers,1610612755
Philadelphia 76ers,1610612755
Philadelphia 76ers,1610612755
Philadelphia 76ers,1610612755
Philadelphia 76ers,1610612755
Philadelphia 76ers,1610612755
Philadelphia 76ers,1610612755
Philadelphia 76ers,1610612755
Philadelphia 76ers,1610612755
Philadelphia 76ers,1610612755
Philadelphia 76ers,1610612755
Philadelphia 76ers,1610612755
Philadelphia 76ers,1610612755
Philadelphia 76ers,1610612755
Syracuse Nationals,1610612755
Syracuse Nationals,1610612755
Syracuse Nationals,1610612755
Syracuse Nationals,1610612755
Syracuse Nationals,1610612755
Syracuse Nationals,1610612755
Syracuse Nationals,1610612755
Syracuse Nationals,1610612755
Syracuse Nationals,1610612755
Syracuse Nationals,1610612755
Syracuse Nationals,1610612755
Syracuse Nationals,1610612755
Syracuse Nationals,1610612755
Syracuse Nationals,1610612755
Phoenix Suns,1610612756
Phoenix Suns,1610612756
Phoenix Suns,1610612756
Phoenix Suns,1610612756
Phoenix Suns,1610612756
Phoenix Suns,1610612756
Phoenix Suns,1610612756
Phoenix Suns,1610612756
Phoenix Suns,1610612756
Phoenix Suns,1610612756
Phoenix Suns,1610612756
Phoenix Suns,1610612756
Phoenix Suns,1610612756
Phoenix Suns,1610612756
Phoenix Suns,1610612756
Phoenix Suns,1610612756
Phoenix Suns,1610612756
Phoenix Suns,1610612756
Phoenix Suns,1610612756
Phoenix Suns,1610612756
Phoenix Suns,1610612756
Phoenix Suns,1610612756
Phoenix Suns,1610612756
Phoenix Suns,1610612756
Phoenix Suns,1610612756
Phoenix Suns,1610612756
Phoenix Suns,1610612756
Phoenix Suns,1610612756
Phoenix Suns,1610612756
Phoenix Suns,1610612756
Phoenix Suns,1610612756
Phoenix Suns,1610612756
Phoenix Suns,1610612756
Phoenix Suns,1610612756
Phoenix Suns,1610612756
Phoenix Suns,1610612756
Phoenix Suns,1610612756
Phoenix Suns,1610612756
Phoenix Suns,1610612756
Phoenix Suns,1610612756
Phoenix Suns,1610612756
Phoenix Suns,1610612756
Phoenix Suns,1610612756
Phoenix Suns,1610612756
Phoenix Suns,1610612756
Phoenix Suns,1610612756
Phoenix Suns,1610612756
Phoenix Suns,1610612756
Phoenix Suns,1610612756
Phoenix Suns,1610612756
Phoenix Suns,1610612756
Phoenix Suns,1610612756
Portland Trail Blazers,1610612757
Portland Trail Blazers,1610612757
Portland Trail Blazers,1610612757
Portland Trail Blazers,1610612757
Portland Trail Blazers,1610612757
Portland Trail Blazers,1610612757
Portland Trail Blazers,1610612757
Portland Trail Blazers,1610612757
Portland Trail Blazers,1610612757
Portland Trail Blazers,1610612757
Portland Trail Blazers,1610612757
Portland Trail Blazers,1610612757
Portland Trail Blazers,1610612757
Portland Trail Blazers,1610612757
Portland Trail Blazers,1610612757
Portland Trail Blazers,1610612757
Portland Trail Blazers,1610612757
Portland Trail Blazers,1610612757
Portland Trail Blazers,1610612757
Portland Trail Blazers,1610612757
Portland Trail Blazers,1610612757
Portland Trail Blazers,1610612757
Portland Trail Blazers,1610612757
Portland Trail Blazers,1610612757
Portland Trail Blazers,1610612757
Portland Trail Blazers,1610612757
Portland Trail Blazers,1610612757
Portland Trail Blazers,1610612757
Portland Trail Blazers,1610612757
Portland Trail Blazers,1610612757
Portland Trail Blazers,1610612757
Portland Trail Blazers,1610612757
Portland Trail Blazers,1610612757
Portland Trail Blazers,1610612757
Portland Trail Blazers,1610612757
Portland Trail Blazers,1610612757
Portland Trail Blazers,1610612757
Portland Trail Blazers,1610612757
Portland Trail Blazers,1610612757
Portland Trail Blazers,1610612757
Portland Trail Blazers,1610612757
Portland Trail Blazers,1610612757
Portland Trail Blazers,1610612757
Portland Trail Blazers,1610612757
Portland Trail Blazers,1610612757
Portland Trail Blazers,1610612757
Portland Trail Blazers,1610612757
Portland Trail Blazers,1610612757
Portland Trail Blazers,1610612757
Portland Trail Blazers,1610612757
San Antonio Spurs,1610612759
San Antonio Spurs,1610612759
San Antonio Spurs,1610612759
San Antonio Spurs,1610612759
San Antonio Spurs,1610612759
San Antonio Spurs,1610612759
San Antonio Spurs,1610612759
San Antonio Spurs,1610612759
San Antonio Spurs,1610612759
San Antonio Spurs,1610612759
San Antonio Spurs,1610612759
San Antonio Spurs,1610612759
San Antonio Spurs,1610612759
San Antonio Spurs,1610612759
San Antonio Spurs,1610612759
San Antonio Spurs,1610612759
San Antonio Spurs,1610612759
San Antonio Spurs,1610612759
San Antonio Spurs,1610612759
San Antonio Spurs,1610612759
San Antonio Spurs,1610612759
San Antonio Spurs,1610612759
San Antonio Spurs,1610612759
San Antonio Spurs,1610612759
San Antonio Spurs,1610612759
San Antonio Spurs,1610612759
San Antonio Spurs,1610612759
San Antonio Spurs,1610612759
San Antonio Spurs,1610612759
San Antonio Spurs,1610612759
San Antonio Spurs,1610612759
San Antonio Spurs,1610612759
San Antonio Spurs,1610612759
San Antonio Spurs,1610612759
San Antonio Spurs,1610612759
San Antonio Spurs,1610612759
San Antonio Spurs,1610612759
San Antonio Spurs,1610612759
San Antonio Spurs,1610612759
San Antonio Spurs,1610612759
San Antonio Spurs,1610612759
San Antonio Spurs,1610612759
San Antonio Spurs,1610612759
San Antonio Spurs,1610612759
San Antonio Spurs,1610612759
San Antonio Spurs,1610612759
San Antonio Spurs,1610612759
Dallas Chaparrals,1610612759
Dallas Chaparrals,1610612759
Dallas Chaparrals,1610612759
Dallas Chaparrals,1610612759
Dallas Chaparrals,1610612759
Dallas Chaparrals,1610612759
Sacramento Kings,1610612758
Sacramento Kings,1610612758
Sacramento Kings,1610612758
Sacramento Kings,1610612758
Sacramento Kings,1610612758
Sacramento Kings,1610612758
Sacramento Kings,1610612758
Sacramento Kings,1610612758
Sacramento Kings,1610612758
Sacramento Kings,1610612758
Sacramento Kings,1610612758
Sacramento Kings,1610612758
Sacramento Kings,1610612758
Sacramento Kings,1610612758
Sacramento Kings,1610612758
Sacramento Kings,1610612758
Sacramento Kings,1610612758
Sacramento Kings,1610612758
Sacramento Kings,1610612758
Sacramento Kings,1610612758
Sacramento Kings,1610612758
Sacramento Kings,1610612758
Sacramento Kings,1610612758
Sacramento Kings,1610612758
Sacramento Kings,1610612758
Sacramento Kings,1610612758
Sacramento Kings,1610612758
Sacramento Kings,1610612758
Sacramento Kings,1610612758
Sacramento Kings,1610612758
Sacramento Kings,1610612758
Sacramento Kings,1610612758
Sacramento Kings,1610612758
Sacramento Kings,1610612758
Sacramento Kings,1610612758
Kansas City Kings,1610612758
Kansas City Kings,1610612758
Kansas City Kings,1610612758
Kansas City Kings,1610612758
Kansas City Kings,1610612758
Kansas City Kings,1610612758
Kansas City Kings,1610612758
Kansas City Kings,1610612758
Kansas City Kings,1610612758
Kansas City Kings,1610612758
Kansas City-Omaha Kings,1610612758
Kansas City-Omaha Kings,1610612758
Kansas City-Omaha Kings,1610612758
Cincinnati Royals,1610612758
Cincinnati Royals,1610612758
Cincinnati Royals,1610612758
Cincinnati Royals,1610612758
Cincinnati Royals,1610612758
Cincinnati Royals,1610612758
Cincinnati Royals,1610612758
Cincinnati Royals,1610612758
Cincinnati Royals,1610612758
Cincinnati Royals,1610612758
Cincinnati Royals,1610612758
Cincinnati Royals,1610612758
Cincinnati Royals,1610612758
Cincinnati Royals,1610612758
Cincinnati Royals,1610612758
Rochester Royals,1610612758
Rochester Royals,1610612758
Rochester Royals,1610612758
Rochester Royals,1610612758
Rochester Royals,1610612758
Rochester Royals,1610612758
Rochester Royals,1610612758
Rochester Royals,1610612758
Rochester Royals,1610612758
Toronto Raptors,1610612761
Toronto Raptors,1610612761
Toronto Raptors,1610612761
Toronto Raptors,1610612761
Toronto Raptors,1610612761
Toronto Raptors,1610612761
Toronto Raptors,1610612761
Toronto Raptors,1610612761
Toronto Raptors,1610612761
Toronto Raptors,1610612761
Toronto Raptors,1610612761
Toronto Raptors,1610612761
Toronto Raptors,1610612761
Toronto Raptors,1610612761
Toronto Raptors,1610612761
Toronto Raptors,1610612761
Toronto Raptors,1610612761
Toronto Raptors,1610612761
Toronto Raptors,1610612761
Toronto Raptors,1610612761
Toronto Raptors,1610612761
Toronto Raptors,1610612761
Toronto Raptors,1610612761
Toronto Raptors,1610612761
Toronto Raptors,1610612761
Utah Jazz,1610612762
Utah Jazz,1610612762
Utah Jazz,1610612762
Utah Jazz,1610612762
Utah Jazz,1610612762
Utah Jazz,1610612762
Utah Jazz,1610612762
Utah Jazz,1610612762
Utah Jazz,1610612762
Utah Jazz,1610612762
Utah Jazz,1610612762
Utah Jazz,1610612762
Utah Jazz,1610612762
Utah Jazz,1610612762
Utah Jazz,1610612762
Utah Jazz,1610612762
Utah Jazz,1610612762
Utah Jazz,1610612762
Utah Jazz,1610612762
Utah Jazz,1610612762
Utah Jazz,1610612762
Utah Jazz,1610612762
Utah Jazz,1610612762
Utah Jazz,1610612762
Utah Jazz,1610612762
Utah Jazz,1610612762
Utah Jazz,1610612762
Utah Jazz,1610612762
Utah Jazz,1610612762
Utah Jazz,1610612762
Utah Jazz,1610612762
Utah Jazz,1610612762
Utah Jazz,1610612762
Utah Jazz,1610612762
Utah Jazz,1610612762
Utah Jazz,1610612762
Utah Jazz,1610612762
Utah Jazz,1610612762
Utah Jazz,1610612762
Utah Jazz,1610612762
Utah Jazz,1610612762
New Orleans Jazz,1610612762
New Orleans Jazz,1610612762
New Orleans Jazz,1610612762
New Orleans Jazz,1610612762
New Orleans Jazz,1610612762
Washington Wizards,1610612764
Washington Wizards,1610612764
Washington Wizards,1610612764
Washington Wizards,1610612764
Washington Wizards,1610612764
Washington Wizards,1610612764
Washington Wizards,1610612764
Washington Wizards,1610612764
Washington Wizards,1610612764
Washington Wizards,1610612764
Washington Wizards,1610612764
Washington Wizards,1610612764
Washington Wizards,1610612764
Washington Wizards,1610612764
Washington Wizards,1610612764
Washington Wizards,1610612764
Washington Wizards,1610612764
Washington Wizards,1610612764
Washington Wizards,1610612764
Washington Wizards,1610612764
Washington Wizards,1610612764
Washington Wizards,1610612764
Washington Wizards,1610612764
Washington Bullets,1610612764
Washington Bullets,1610612764
Washington Bullets,1610612764
Washington Bullets,1610612764
Washington Bullets,1610612764
Washington Bullets,1610612764
Washington Bullets,1610612764
Washington Bullets,1610612764
Washington Bullets,1610612764
Washington Bullets,1610612764
Washington Bullets,1610612764
Washington Bullets,1610612764
Washington Bullets,1610612764
Washington Bullets,1610612764
Washington Bullets,1610612764
Washington Bullets,1610612764
Washington Bullets,1610612764
Washington Bullets,1610612764
Washington Bullets,1610612764
Washington Bullets,1610612764
Washington Bullets,1610612764
Washington Bullets,1610612764
Washington Bullets,1610612764
Capital Bullets,1610612764
Baltimore Bullets,1610612764
Baltimore Bullets,1610612764
Baltimore Bullets,1610612764
Baltimore Bullets,1610612764
Baltimore Bullets,1610612764
Baltimore Bullets,1610612764
Baltimore Bullets,1610612764
Baltimore Bullets,1610612764
Baltimore Bullets,1610612764
Baltimore Bullets,1610612764
Chicago Zephyrs,1610612764
Chicago Packers,1610612764
